model,accuracy,macro_f1,f1_negative,f1_neutral,f1_positive,ece,n_samples
TF-IDF + LogReg,0.8520971302428256,0.7853651483304885,0.6730769230769231,0.9198606271777003,0.7631578947368421,0.056927993262048816,453
FinBERT fine-tuned,0.9801324503311258,0.9682699536672786,0.943089430894309,0.992831541218638,0.9688888888888889,0.015050766909492445,453
GPT-4 few-shot,0.9690949227373068,0.9675342488872012,0.976,0.9746376811594203,0.9519650655021834,0.05660044150110393,453
