variant,rouge1,rouge2,rougeL,bertscore_f1
variant_a,0.20215685736966563,0.07170260427295483,0.13490063739736102,0.055887170135974884
variant_b,0.14862070715245757,0.052564840102630454,0.09376172401649657,-0.03654790669679642
