,sharpe,hit_rate,cum_return,max_drawdown,n_weeks
signal,-0.6580013322484237,0.5,-0.1325407698292309,-0.15869310527405334,60.0
random_benchmark,0.07370973901913058,0.48333333333333334,-0.0035850967997272942,-0.15130341150123483,60.0
